tweets,clean_tweets,sentiment
"Folks I‚Äôm at the Walmart bathroom and a woman just came in, turned to the janitor cleaning the toilets, and said, ‚Äú‚Ä¶ https://t.co/A12wKKtNui",folks walmart bathroom woman came turned janitor cleaning toilets said,positive
"4/ Strategic acquirers up the wazoo. Every single on-demand food player will try to acquire Shef. DoorDash, UberEat‚Ä¶ https://t.co/pktqw1ZEXw",4 strategic acquirers wazoo every single ondemand food player try acquire shef doordash ubereat,positive
@haddiebird Worse.  Walmart. So ashamed.,worse walmart ashamed,positive
"@OfBrieMode Nothing wrong with Walmart, I blame her entirely. She‚Äôs a whole dummy.",nothing wrong walmart blame entirely shes whole dummy,negative
@JohnFusco12  Look what I found at Walmart! The checkout lady had high praise as well! Her and her granddaughter ha‚Ä¶ https://t.co/MgX9nquAjf,look found walmart checkout lady high praise well granddaughter,positive
Walmart selling weave now üò≠üò≠ just got a kinky ponytail üò≠,walmart selling weave got kinky ponytail,positive
should i write my two weeks on my break and give it to them today at walmart,write two weeks break give today walmart,positive
"Alguien ha comprado 1000 millones de $ en BTC. Y el rumor es que es Walmart. Si se confirma, nos vamos a los 100k.",alguien comprado 1000 millones btc rumor walmart confirma vamos 100k,positive
Y'all are usually great with the pickup @Walmart but not today it's pretty bad I've had to wait an 45 mins just to‚Ä¶ https://t.co/0qAbGKUXyG,yall usually great pickup today pretty bad ive wait 45 mins,negative
I hope #BritishColumbia  hurry‚Äôs up and allows #Costco and #Walmart to open up some campsites so i can line up to c‚Ä¶ https://t.co/zgIh4TgX2w,hope britishcolumbia hurrys allows costco walmart open campsites line,positive
LMAO ayo the walmart app updated and shi look coolüåö,lmao ayo walmart app updated shi look cool,positive
I should‚Äôve gotten up and went to walmart,shouldve gotten went walmart,positive
@NotJustAnyBoy best bang for your buck https://t.co/zO7QGo1a9r,best bang buck,positive
Take a look at what I found at https://t.co/ne9UKD8Tsi. What do you think? https://t.co/Ksm0JqdXQu,look found think,positive
"New availability: Walmart
West Branch Supercenter 2750 Cook Rd, West Branch, MI 48661
Access here: https://t.co/4PFgik4AJt
Apr 23, 01:57 PM",new availability walmart west branch supercenter 2750 cook rd west branch 48661 access apr 23 0157 pm,positive
I go to walmart 3-4 times a week it‚Äôs ridiculous atp‚òπÔ∏è https://t.co/1DLTEI4nBA,go walmart 34 times week ridiculous atp,positive
@Bitboy_Crypto Walmart?,walmart,positive
"Did I got to Walmart and get my niece one last birthday present before tomorrow?? Yes, I did.",got walmart get niece last birthday present tomorrow yes,positive
@SaffronOlive Too Bad the Walmart over here doesn't sell any tcg merch,bad walmart doesnt sell tcg merch,negative
"@DATBOIVIC Idk what's it like for you BUT here like where I stayed on the East, the nearest organic food store was‚Ä¶ https://t.co/WMSFZiAIXU",idk whats like like stayed east nearest organic food store,positive
"so can someone explain to me how it‚Äôs perfectly okay for 50+ people to wait in line at Costco or Walmart, but I‚Äôm n‚Ä¶ https://t.co/orT0m4cxXD",someone explain perfectly okay 50 people wait line costco walmart,positive
"@DJMggot1 Square and small rectangular are super cheap at Walmart, but I‚Äôve found that if I‚Äôm shipping outside of C‚Ä¶ https://t.co/kxv9HjmWZd",square small rectangular super cheap walmart ive found shipping outside,positive
"Cops Assault Elderly Woman With Dementia https://t.co/3XOvMvPlqZ via @YouTube
Definitely Police need serious retrai‚Ä¶ https://t.co/lm39byFsyL",cops assault elderly woman dementia via definitely police need serious retrai,positive
"Open SmartNews and read ""Alabama police dog bites man accused of shoplifting at Walmart. Doctors perform 5 surgerie‚Ä¶ https://t.co/lOjWg0DFwa",open smartnews read alabama police bites accused shoplifting walmart doctors perform 5 surgerie,positive
"I'm at @Walmart Supercenter in California, MD https://t.co/i9tAzNTkVK",supercenter california md,positive
@Backstabbed14 I thought it was a pharmaceutical company with patents?  And potential distribution to Walmart and Publix or something,thought pharmaceutical company patents potential distribution walmart publix something,positive
@daninflorida77 I heard WalMart Auto Service does a good job at removing nails ü§£ü§£ü§£ü§£,heard walmart auto service good job removing nails,positive
"I really need to go find Jean shorts &amp; idk where to go... Been to target, Walmart, Ross y nada",really need go find jean shorts amp idk go target walmart ross,positive
"@lordbanqfortune Ross, walmart, target my go to and i got some heat",ross walmart target go got heat,positive
I went to Walmart w/my momma &amp; sister. I told my sister she could get whatever she want. She got a bunch of clothes‚Ä¶ https://t.co/ulR4n86tUO,went walmart wmy momma amp sister told sister could get whatever got bunch clothes,positive
I just saw a Walmart ad with Johnny  pins üòÇ,saw walmart johnny pins,positive
@mehgcap I guess? It just seems like you could get it at Walmart for 4/$2 or something.,guess seems like could get walmart 42 something,positive
Stan mate mind sacking arteta ? Might be able to get him a job stacking shelves in Walmart if you like him that much,stan mate mind sacking arteta might able get job stacking shelves walmart like much,positive
Pre-Order: McFarlane Toys Mortal Kombat Sub-Zero vs. Shao Khan 2 Pack - Walmart Exclusive 7 inch Action Figures $39‚Ä¶ https://t.co/GDY9ijyLv3,preorder mcfarlane toys mortal kombat subzero vs shao khan 2 pack walmart exclusive 7 inch action figures 39,positive
"@Walmart_DPS That's when I start going, ""Ok Basic E-girl AuRa 25, please heal me.""

Or, ""Ok Twink Catboy 5987 maybe DPS a little harder.""",thats start going ok basic egirl 25 please heal ok twink catboy 5987 maybe dps little harder,positive
@William80404552 @EthanVanSciver My set came wrapped up with a Walmart pie label.,set came wrapped walmart pie label,positive
"Just spent frustrating time on ""help"" for @Walmart @WalmartInc @walmarthelp only to learn that they would rather lo‚Ä¶ https://t.co/QGnebrabAC",spent frustrating time help learn would rather,negative
"Walmart: Addison, Anna, Antioch, Aurora, Batavia, Bedford park, Belleville, Belvidere, Benton, Bolingbrook, Bourbon‚Ä¶ https://t.co/EB64YDGJDd",walmart addison anna antioch aurora batavia bedford park belleville belvidere benton bolingbrook bourbon,positive
Free Air Wick Coupon at Walmart and Weber Seasoning Recipe Book at Sam‚Äôs Club https://t.co/MbnQAsdvda #freestuff‚Ä¶ https://t.co/yT0pT2AwRF,free air wick coupon walmart weber seasoning recipe book sams club freestuff,positive
"New available appointments detected!
Provider: Walmart
Location:
Walmart Humble Supercenter
9235 N Sam Houston Pkwy‚Ä¶ https://t.co/XqWhVvw2v3",new available appointments detected provider walmart location walmart humble supercenter 9235 sam houston pkwy,positive
"New available appointments detected!
Provider: Walmart
Location:
Walmart Denton Neighborhood Market
3930 Teasley Ln‚Ä¶ https://t.co/6pBWhewghS",new available appointments detected provider walmart location walmart denton neighborhood market 3930 teasley ln,positive
I know they mean Tyson and Walmart but still ha,know mean tyson walmart still,negative
"I'm at @Walmart Supercenter in Pass Christian, MS https://t.co/UDn04kdgCY",supercenter pass christian ms,positive
"This customer told me somebody used $100 at Walmart  , her debit card https://t.co/58m1qCH6ZO",customer told somebody used 100 walmart debit card,positive
@Vee_Cosplay WAIT I WAS JUST ABT TO THAT OMFG  ME TOOOO LIKE LITERALLY in line at walmart minding my business and a‚Ä¶ https://t.co/8aqN9oFQjf,wait abt omfg toooo like literally line walmart minding business,positive
"New availability: Walmart
Burnsville Supercenter 12200 River Ridge Blvd, Burnsville, MN 55337
Access here:‚Ä¶ https://t.co/qcKgoYCgWw",new availability walmart burnsville supercenter 12200 river ridge blvd burnsville mn 55337 access,positive
"Where is best to have a registry? Walmart, target or Amazon?",best registry walmart target amazon,positive
Nathan‚Äôs Famous to open 100 non-traditional locations by year-end; some inside Walmart #NathansFamous https://t.co/WOoYwBXlTY,nathans famous open 100 nontraditional locations yearend inside walmart nathansfamous,positive
@chartheslut @myshittyreviews Okay hear me out.......Walmart brand equate brushes. I've literally used plenty of ot‚Ä¶ https://t.co/CKRByu8zaB,okay hear outwalmart brand equate brushes ive literally used plenty ot,positive
Me + Xanax + Walmart = klepto,xanax walmart klepto,positive
Walmart lines are so annoying,walmart lines annoying,positive
[at walmart customer service desk voice] where are the tiktok egirls,walmart customer service desk voice tiktok egirls,positive
@JCannon153 @belikemike824 @sportscardsdon @CardPurchaser Waiting In Line?? Bro I Work At Walmart. I Was Just Casua‚Ä¶ https://t.co/2IUT7maM6b,waiting line bro work walmart casua,positive
"Vaccine appointments available at Walmart Burnsville Supercenter Burnsville on Apr 29. Sign up here, zip code 55337‚Ä¶ https://t.co/G6Czqkekh1",vaccine appointments available walmart burnsville supercenter burnsville apr 29 sign zip code 55337,positive
@aubsmagobs Walmart has some good clothes no cap,walmart good clothes cap,positive
Damn those cameras Walmart uses at the self check out really know how to make your confidence suck üòÖ,damn cameras walmart uses self check really know make confidence suck,positive
"I hadn't thought about it, but now that I have... WOW!  I see it every time I go to a Walmart in TN or KY.  And of‚Ä¶ https://t.co/rQ7gTv451D",hadnt thought wow see every time go walmart tn ky,positive
"@reviewjournal r u frcikin kidding us @AdamHillLVRJ ? what a joke u r as a ""reporter"". Oh, wait, you're a lib worki‚Ä¶ https://t.co/jmou3zrz6U",r frcikin kidding us joke r reporter oh wait youre lib worki,positive
"New availability: Walmart
Maple Grove Supercenter 9451 Dunkirk Ln N, Maple Grove, MN 55311
Access here:‚Ä¶ https://t.co/YMVqC580zc",new availability walmart maple grove supercenter 9451 dunkirk ln maple grove mn 55311 access,positive
"no ps5 restocks from target,bb, or walmart this week.. yeah I‚Äôm over it  https://t.co/LbRSrkXCgA",ps5 restocks targetbb walmart week yeah,positive
@IreneKarenina @batita_gonzalez Instagram es un centro comercial burda de raro. Algo as√≠ como si lo hubiese dise√±ad‚Ä¶ https://t.co/QCK7jmeazn,instagram centro comercial burda raro as√≠ dise√±ad,positive
@IiKarnage @THR It looks like something youd find kn walmart,looks like something youd find kn walmart,positive
@_pem_pem I will never forget when my dumbass thought I should stop taking my Effexor after taking it all through h‚Ä¶ https://t.co/zzpLNwpKWh,never forget dumbass thought stop taking effexor taking,positive
eating fries with a homeless man in a walmart parking lot hes so nice,eating fries homeless walmart parking lot hes nice,positive
"911: what is your emergency

dolts: hi, yeah, is it cool if i pop into the walmart in burnaby https://t.co/cn3B65p3MM",911 emergency dolts hi yeah cool pop walmart burnaby,positive
"@sadgirIterra i might get some,, the best leggings i‚Äôve ever owned are walmart leggings they‚Äôre awesome but i need‚Ä¶ https://t.co/M80rsGbe1y",might get best leggings ive ever owned walmart leggings theyre awesome need,positive
"The business model of socially irresponsible companies like Uber, Amazon, Walmart (to name just a few) was always b‚Ä¶ https://t.co/fR2Udj0ipw",business model socially irresponsible companies like uber amazon walmart always b,positive
Today I Picked The Wrong Day To Wear A Pull Over Cus It Was Just Cold In Walmart Yetserday But Now It‚Äôs Hot ü§¶üèæ‚Äç‚ôÄÔ∏è,today picked wrong day wear pull cus cold walmart yetserday hot,negative
ok walmart ladies section i see u,ok walmart ladies section see,positive
"Vaccine appointments available at Walmart Maple Grove Supercenter Maple Grove on Apr 27. Sign up here, zip code 553‚Ä¶ https://t.co/jywLzWkYdh",vaccine appointments available walmart maple grove supercenter maple grove apr 27 sign zip code 553,positive
Facebook dating is the People of Walmart for online dating.,facebook dating people walmart online dating,positive
@alexrodrguz @Walmart @Target Boo hoo. Stop sticking up for someone who uses her ED as a weapon against people. She‚Ä¶ https://t.co/GiGT7pArjj,boo hoo stop sticking someone uses weapon people,positive
@harry_houdinii @wewerewitches @patriottakes We wouldn't survive walmart or target either,wouldnt survive walmart target either,positive
WALMART REALLY MY FAVORITE STORE ü§£ü§∑üèΩ‚Äç‚ôÇÔ∏èüò≠,walmart really favorite store,positive
@badimo @Roblox @Target @Walmart @GameStop follow 4 follow,follow 4 follow,positive
Walmart sandals are in stock so you know my cheap ass is stocking up.,walmart sandals stock know cheap ass stocking,positive
@GoatyMcTroll @420_bLaZiTT @Timcast I think I see where you‚Äôre coming from. It‚Äôs more likely Walmart and Amazon jum‚Ä¶ https://t.co/FQkAQSmTTW,think see youre coming likely walmart amazon jum,positive
Saw this at Walmart and it intrigued me so I had to buy it and it's not bad!! Hope this flavor sticks around.. https://t.co/Cu4AGtmBSR,saw walmart intrigued buy bad hope flavor sticks around,negative
@bblock29 Or the mouth only.  I had to tell a Walmart employee to keep her distance today because she was wearing her mask under her nose.,mouth tell walmart employee keep distance today wearing mask nose,positive
@bertrosa Y yo me quej√© de encontrarlo en 58 pesos en Walmart  üò∞,quej√© encontrarlo 58 pesos walmart,positive
walmart dress code 2021 : Shop Now - #Trends - https://t.co/HeXPD2Laup https://t.co/rVR7sK1zUP,walmart dress code 2021 shop trends,positive
"NEW: Walmart Supercenter #3522 on 04-26 to 04-29
Total Appointments at Location: 93
Age Group: 18+

Address: 3250 B‚Ä¶ https://t.co/dd2npHgcT4",new walmart supercenter 3522 0426 0429 total appointments location 93 age group 18 address 3250 b,positive
@soccerscp23 This may sound cheap but Walmart sells really comfy ones for $6,may sound cheap walmart sells really comfy ones 6,positive
"New availability: Walmart
Falcon Supercenter: 11550 Meridian Market Vw, Falcon, CO 80831
Access here:‚Ä¶ https://t.co/18Pq5JNrZ8",new availability walmart falcon supercenter 11550 meridian market vw falcon co 80831 access,positive
Naw bro come to Orlando and go to the Walmart on Kirkman I bet you change your mind lol https://t.co/dckbLEPJwC,naw bro orlando go walmart kirkman bet change mind lol,positive
@jonkay It‚Äôs just like how if you dip under the caution tape at Walmart you can still buy socks - they didn‚Äôt remov‚Ä¶ https://t.co/c6aPkwDhrr,like dip caution tape walmart still buy socks didnt remov,positive
@HRHGunpowder This is why first places I hit when I get where I'm going is @DollarTree or @Walmart.,first places hit get going,positive
i love looking scary in walmart bc i hate everyone there,love looking scary walmart bc hate everyone,negative
@sadgirIterra are they better than lululemon?? i only wear target and walmart leggings but i‚Äôm down to invest.,better lululemon wear target walmart leggings invest,positive
@Theeeezy lol Yea can‚Äôt go wrong with a hat Walmart has em for sure,lol yea cant go wrong walmart sure,positive
"Mf's clothes still intact after 9,000 years and I can't even get my Walmart clothes to last a month. lmao https://t.co/Pd9et2momv",mfs clothes still intact 9000 years cant even get walmart clothes last month lmao,positive
"@PattyHajdu Canada's Covid death count is .06%
This means we are not walking over dead bodies in Walmart or anywher‚Ä¶ https://t.co/AhPs86kWAE",canadas covid death count 06 means walking dead bodies walmart anywher,negative
Pre-orders are open for a @Walmart Exclusive #MortalKombat11 Sub-Zero vs Shao Kahn 2-Pack by @Todd_McFarlane:‚Ä¶ https://t.co/Hl1eai2K8W,preorders open exclusive mortalkombat11 subzero vs shao kahn 2pack,positive
@JRchrvs üòÇGotta go to the one on Old Nat in the Walmart plaza.,got go old nat walmart plaza,positive
@ProjectLincoln Walmart greeter... in Russia; specifically Siberia.,walmart greeter russia specifically siberia,positive
@beating_of @garygreno @BaileyDonkster @durandundee7105 @ErnestHanson19 @xXGeJaMoXx @hollygtinsel @Birdseye1‚Ä¶ https://t.co/iWsoH4CtYQ,,positive
@JCruz247 Walmart on expressway shary n walmart in palmhurst dont require masks ... i have not tried another,walmart expressway shary walmart palmhurst dont require masks tried another,positive
The Best Bluetooth Dongles On PS5 In April 2021 #ps SEE MORE HERE ==&gt; https://t.co/qgZtVVOSJh #analogue #bestbuy‚Ä¶ https://t.co/g695NhFw5C,best bluetooth dongles ps5 april 2021 ps see gt analogue bestbuy,positive
"Try the Burger King in Delafield, right down the hill from Walmart. Absolutely dreadful. I get better customer serv‚Ä¶ https://t.co/hJA2Ebsina",try burger king delafield right hill walmart absolutely dreadful get better customer serv,positive
So there's a deal at walmart for 25cent pasta. I grabbed 26. Stocking up just in case. #prepper #Walmart https://t.co/W5rlasKOXc,theres deal walmart 25cent pasta grabbed 26 stocking case prepper walmart,positive
